{"cameraMode":{"drawMode":0,"name":"Shaded","section":"Shading Mode"},"sceneLighting":false,"audioPlay":false,"sceneViewState":{"showFog":true,"showMaterialUpdate":false,"showSkybox":true,"showFlares":true,"showImageEffects":true,"showParticleSystems":true},"in2DMode":false,"pivot":{"x":-1.3819737434387208,"y":0.8600000143051148,"z":-0.9868464469909668},"rotation":{"x":-0.2628626823425293,"y":-0.7010686993598938,"z":0.31636181473731997,"w":-0.5825127363204956},"size":21.598474502563478,"orthographic":false}