{"cameraMode":{"drawMode":0,"name":"Shaded","section":"Shading Mode"},"sceneLighting":false,"audioPlay":false,"sceneViewState":{"showFog":true,"showMaterialUpdate":false,"showSkybox":true,"showFlares":true,"showImageEffects":true,"showParticleSystems":true},"in2DMode":false,"pivot":{"x":-1.3819737434387208,"y":0.8600000143051148,"z":-0.9868464469909668},"rotation":{"x":-0.2628627121448517,"y":-0.7010687589645386,"z":0.31636184453964236,"w":-0.5825127959251404},"size":9.358658790588379,"orthographic":false}