{"cameraMode":{"drawMode":0,"name":"Shaded","section":"Shading Mode"},"sceneLighting":true,"audioPlay":false,"sceneViewState":{"showFog":true,"showMaterialUpdate":false,"showSkybox":true,"showFlares":true,"showImageEffects":true,"showParticleSystems":true},"in2DMode":false,"pivot":{"x":-2.990000009536743,"y":1.3333334922790528,"z":126.0},"rotation":{"x":-0.2628626823425293,"y":-0.7010686993598938,"z":0.31636181473731997,"w":-0.5825127363204956},"size":5.9691033363342289,"orthographic":false}