{"cameraMode":{"drawMode":0,"name":"Shaded","section":"Shading Mode"},"sceneLighting":true,"audioPlay":false,"sceneViewState":{"showFog":true,"showMaterialUpdate":false,"showSkybox":true,"showFlares":true,"showImageEffects":true,"showParticleSystems":true},"in2DMode":false,"pivot":{"x":19.747886657714845,"y":1.4387826919555665,"z":5.0803351402282719},"rotation":{"x":-0.14736127853393556,"y":0.7326163649559021,"z":-0.1679169237613678,"w":-0.6429322957992554},"size":28.578840255737306,"orthographic":false}