{"cameraMode":{"drawMode":0,"name":"Shaded","section":"Shading Mode"},"sceneLighting":false,"audioPlay":false,"sceneViewState":{"showFog":true,"showMaterialUpdate":false,"showSkybox":true,"showFlares":true,"showImageEffects":true,"showParticleSystems":true},"in2DMode":false,"pivot":{"x":-3.091994524002075,"y":0.960330605506897,"z":3.883023262023926},"rotation":{"x":-0.14736127853393556,"y":0.7326163649559021,"z":-0.1679169237613678,"w":-0.6429322957992554},"size":5.058834075927734,"orthographic":false}