{"cameraMode":{"drawMode":0,"name":"Shaded","section":"Shading Mode"},"sceneLighting":false,"audioPlay":false,"sceneViewState":{"showFog":true,"showMaterialUpdate":false,"showSkybox":true,"showFlares":true,"showImageEffects":true,"showParticleSystems":true},"in2DMode":false,"pivot":{"x":0.01797962188720703,"y":0.3843176066875458,"z":4.254594326019287},"rotation":{"x":-0.14736127853393556,"y":0.7326163649559021,"z":-0.1679169237613678,"w":-0.6429322957992554},"size":2.4568910598754885,"orthographic":false}