{"cameraMode":{"drawMode":0,"name":"Shaded","section":"Shading Mode"},"sceneLighting":false,"audioPlay":false,"sceneViewState":{"showFog":true,"showMaterialUpdate":false,"showSkybox":true,"showFlares":true,"showImageEffects":true,"showParticleSystems":true},"in2DMode":false,"pivot":{"x":0.5129217505455017,"y":0.24465790390968324,"z":6.107914924621582},"rotation":{"x":-0.14736127853393556,"y":0.7326163649559021,"z":-0.1679169237613678,"w":-0.6429322957992554},"size":3.620460033416748,"orthographic":false}