{"cameraMode":{"drawMode":0,"name":"Shaded","section":"Shading Mode"},"sceneLighting":false,"audioPlay":false,"sceneViewState":{"showFog":true,"showMaterialUpdate":false,"showSkybox":true,"showFlares":true,"showImageEffects":true,"showParticleSystems":true},"in2DMode":false,"pivot":{"x":-4.087701797485352,"y":0.7029390335083008,"z":6.617885112762451},"rotation":{"x":-0.14736127853393556,"y":0.7326163649559021,"z":-0.1679169237613678,"w":-0.6429322957992554},"size":8.501937866210938,"orthographic":false}